{"n_estimators": [50, 50, 50, 50], "max_depth": [100, 100, 100, 100], "first_games": [0, 0, 0, 0], "num_train_seasons": [1, 1, 1, 1], "cv_acc_mean": [0.5862774236531346, 0.5862774236531346, 0.5862774236531346, 0.5862774236531346], "cv_acc_ci": [0.029911094098126163, 0.029911094098126163, 0.029911094098126163, 0.029911094098126163], "cv_prec_mean": [0.6436036864197959, 0.6436036864197959, 0.6436036864197959, 0.6436036864197959], "cv_prec_ci": [0.027069997056009768, 0.027069997056009768, 0.027069997056009768, 0.027069997056009768], "away_precision": [0.5414043583535109, 0.5414043583535109, 0.5414043583535109, 0.5414043583535109], "away_recall": [0.4464856230031949, 0.4464856230031949, 0.4464856230031949, 0.4464856230031949], "away_support": [2504, 2504, 2504, 2504], "draw_precision": [0.909221902017291, 0.909221902017291, 0.909221902017291, 0.909221902017291], "draw_recall": [0.37403675163011263, 0.37403675163011263, 0.37403675163011263, 0.37403675163011263], "draw_support": [1687, 1687, 1687, 1687], "home_precision": [0.557628979143798, 0.557628979143798, 0.557628979143798, 0.557628979143798], "home_recall": [0.8133205251360871, 0.8133205251360871, 0.8133205251360871, 0.8133205251360871], "home_support": [3123, 3123, 3123, 3123], "ovr_acc": [0.5864096253759913, 0.5864096253759913, 0.5864096253759913, 0.5864096253759913], "confidence_factor": [0.5, 0.6, 0.7, 0.8], "sure_away_precision": [0.6119751166407466, 0.700952380952381, 0.8160919540229885, 0.8928571428571429], "sure_away_recall": [0.44313063063063063, 0.43705463182897863, 0.461038961038961, 0.36764705882352944], "sure_away_support": [1776, 842, 308, 68], "sure_draw_precision": [0.9875311720698254, 1.0, 1.0, 1.0], "sure_draw_recall": [0.4125, 0.5021459227467812, 0.6145251396648045, 0.7894736842105263], "sure_draw_support": [960, 466, 179, 57], "sure_home_precision": [0.6079545454545454, 0.687048627828599, 0.7668393782383419, 0.8184818481848185], "sure_home_recall": [0.8660461351679482, 0.9339005235602095, 0.9711286089238845, 0.9880478087649402], "sure_home_support": [2471, 1528, 762, 251], "sure_ovr_acc": [0.6381793739197235, 0.7154442877291961, 0.7942353883106485, 0.8457446808510638], "train_time": [54.42966651916504, 54.42966651916504, 54.42966651916504, 54.42966651916504]}